<?xml version="1.0" encoding="UTF-8"?>
<project-private xmlns="http://www.netbeans.org/ns/project-private/1">
    <editor-bookmarks xmlns="http://www.netbeans.org/ns/editor-bookmarks/2" lastBookmarkId="0"/>
    <open-files xmlns="http://www.netbeans.org/ns/projectui-open-files/2">
        <group>
            <file>file:/media/a2320622/home/POO/Aula06/src/aula06/Aula06.java</file>
            <file>file:/media/a2320622/home/POO/Aula06/src/aula06/Curso.java</file>
        </group>
    </open-files>
</project-private>
